{
  "questions": [
    {
      "question": "ما هو اسم والد ناروتو أوزوماكي؟",
      "options": [
        "جيرايا",
        "ميناتو ناميكازي",
        "كاكاشي هاتاكي",
        "إيروكا أومينو"
      ],
      "correctAnswer": "ميناتو ناميكازي",
      "difficulty": "سهل"
    },
    {
      "question": "في أي أنمي تظهر شخصية ليفاي أكرمان؟",
      "options": [
        "هجوم العمالقة (Attack on Titan)",
        "قاتل الشياطين (Demon Slayer)",
        "ون بيس (One Piece)",
        "ناروتو (Naruto)"
      ],
      "correctAnswer": "هجوم العمالقة (Attack on Titan)",
      "difficulty": "سهل"
    },
    {
      "question": "ما هي الفاكهة الشيطانية التي أكلها مونكي دي لوفي؟",
      "options": [
        "فاكهة اللهب (Mera Mera no Mi)",
        "فاكهة المطاط (Gomu Gomu no Mi)",
        "فاكهة الزلزال (Gura Gura no Mi)",
        "فاكهة الظلام (Yami Yami no Mi)"
      ],
      "correctAnswer": "فاكهة المطاط (Gomu Gomu no Mi)",
      "difficulty": "متوسط"
    },
    {
      "question": "من هو مؤلف مانجا \"ديث نوت\" (Death Note)؟",
      "options": [
        "ماساشي كيشيموتو",
        "إييتشيرو أودا",
        "تسوجومي أوبا وتاكيشي أوباتا",
        "هاجيمي إيساياما"
      ],
      "correctAnswer": "تسوجومي أوبا وتاكيشي أوباتا",
      "difficulty": "صعب"
    }
    // يمكن إضافة المزيد من الأسئلة هنا
  ]
}
