{
  "rarities": {
    "common": {
      "name": "عادي",
      "color": "#A9A9A9",
      "dropRate": 0.6
    },
    "rare": {
      "name": "نادر",
      "color": "#3498DB",
      "dropRate": 0.25
    },
    "epic": {
      "name": "ملحمي",
      "color": "#9B59B6",
      "dropRate": 0.1
    },
    "legendary": {
      "name": "أسطوري",
      "color": "#F1C40F",
      "dropRate": 0.05
    }
  },
  "cards": [
    {
      "id": "C001",
      "name": "سيف زورو",
      "description": "أحد سيوف رورونوا زورو الأيقونية.",
      "rarity": "common",
      "imageUrl": "(سيتم إضافة رابط صورة لاحقاً)",
      "series": "One Piece"
    },
    {
      "id": "C002",
      "name": "كرة دراغون بول (4 نجوم)",
      "description": "الكرة التي ورثها غوكو عن جده.",
      "rarity": "rare",
      "imageUrl": "(سيتم إضافة رابط صورة لاحقاً)",
      "series": "Dragon Ball"
    },
    {
      "id": "C003",
      "name": "مذكرة الموت",
      "description": "المذكرة التي يمكنها قتل أي شخص يُكتب اسمه فيها.",
      "rarity": "epic",
      "imageUrl": "(سيتم إضافة رابط صورة لاحقاً)",
      "series": "Death Note"
    },
    {
      "id": "C004",
      "name": "جهاز المناورة ثلاثية الأبعاد",
      "description": "الجهاز المستخدم لمحاربة العمالقة.",
      "rarity": "rare",
      "imageUrl": "(سيتم إضافة رابط صورة لاحقاً)",
      "series": "Attack on Titan"
    },
    {
      "id": "L001",
      "name": "قبعة القش",
      "description": "قبعة لوفي الشهيرة التي أعطاها له شانكس.",
      "rarity": "legendary",
      "imageUrl": "(سيتم إضافة رابط صورة لاحقاً)",
      "series": "One Piece"
    }
    // ... يمكن إضافة مئات الكروت هنا لاحقاً
  ]
}
