{
  "activeEvents": [
    // {
    //   "id": "xp_boost_weekend",
    //   "name": "عطلة نهاية أسبوع الخبرة المضاعفة!",
    //   "description": "احصل على ضعف نقاط الخبرة من جميع المصادر!",
    //   "type": "xp_multiplier",
    //   "multiplier": 2,
    //   "startTime": "2025-06-01T00:00:00Z",
    //   "endTime": "2025-06-02T23:59:59Z"
    // },
    // {
    //   "id": "rare_card_week",
    //   "name": "أسبوع الكروت النادرة!",
    //   "description": "فرصة مضاعفة للحصول على كروت نادرة وملحمية من المكافآت اليومية!",
    //   "type": "card_drop_boost",
    //   "rarityBoost": {"rare": 2, "epic": 2}, // مضاعفة فرصة الندرة المحددة
    //   "startTime": "2025-06-03T00:00:00Z",
    //   "endTime": "2025-06-09T23:59:59Z"
    // }
  ]
}
