{
  "fire_red": {
    "name": "بيت النار الأحمر",
    "description": "للشجعان والمحاربين",
    "points": 0,
    "members": []
  },
  "water_blue": {
    "name": "بيت الماء الأزرق",
    "description": "للحكماء والمفكرين",
    "points": 0,
    "members": []
  },
  "earth_green": {
    "name": "بيت الأرض الأخضر",
    "description": "للأوفياء والداعمين",
    "points": 0,
    "members": []
  },
  "air_gold": {
    "name": "بيت الهواء الذهبي",
    "description": "للأذكياء والمبدعين",
    "points": 0,
    "members": []
  }
}
