{
  "quests": [
    {
      "id": "DQ001",
      "name": "مُستكشف الأنمي",
      "description": "استخدم أمر `/search anime` مرة واحدة على الأقل اليوم.",
      "reward": {
        "xp": 50,
        "cardChance": 0.1 // فرصة 10% للحصول على كرت إضافي
      },
      "type": "command_usage",
      "targetCommand": "search anime",
      "requiredCount": 1
    },
    {
      "id": "DQ002",
      "name": "عقل التريفيا",
      "description": "أجب عن سؤال واحد صحيح في لعبة `/trivia`.",
      "reward": {
        "xp": 75
      },
      "type": "game_win",
      "targetGame": "trivia",
      "requiredWins": 1
    },
    {
      "id": "DQ003",
      "name": "المُخمن البارع",
      "description": "خمن شخصية واحدة بشكل صحيح في لعبة `/guess`.",
      "reward": {
        "xp": 80
      },
      "type": "game_win",
      "targetGame": "guess",
      "requiredWins": 1
    },
    {
      "id": "DQ004",
      "name": "الجامع النشيط",
      "description": "احصل على مكافأتك اليومية باستخدام `/daily`.", // مهمة بسيطة للتحفيز
      "reward": {
        "xp": 25
      },
      "type": "command_usage",
      "targetCommand": "daily",
      "requiredCount": 1
    }
    // ... يمكن إضافة المزيد من المهام المتنوعة
  ]
}
