{
  "guideName": "أكاديميا-سينباي",
  "topics": [
    {
      "id": "welcome",
      "label": "رسالة ترحيب",
      "response": "أهلاً بك في أكاديمية عالم الأنمي أيها الطالب الجديد! أنا هنا لإرشادك. استكشف الأقسام، انضم لبيت، تفاعل مع زملائك، وأكمل المهام لتتطور وتصبح خبيراً في عالم الأنمي!"
    },
    {
      "id": "houses",
      "label": "عن البيوت",
      "response": "البيوت هي فرق تتنافس فيما بينها! لدينا بيت النار الأحمر للشجعان، الماء الأزرق للحكماء، الأرض الأخضر للأوفياء، والهواء الذهبي للمبدعين. اختر بيتك بحكمة باستخدام `/choose_house` وساهم في رفع نقاطه!"
    },
    {
      "id": "points_xp",
      "label": "عن النقاط والخبرة",
      "response": "نقاط الخبرة (XP) هي مقياس تطورك في الأكاديمية. تحصل عليها من خلال إكمال المهام اليومية (`/daily`)، الفوز في الألعاب (`/trivia`, `/guess`)، والمشاركة في الفعاليات. كلما زادت خبرتك، ارتفع مستواك!"
    },
    {
      "id": "cards",
      "label": "عن الكروت",
      "response": "الكروت هي مقتنيات ثمينة لشخصيات وأعمال الأنمي. يمكنك الحصول عليها من المكافأة اليومية (`/daily`)، إكمال بعض المهام، أو شرائها من المتجر (`/shop`). اجمعها واعرض مجموعتك باستخدام `/collection`!"
    },
    {
      "id": "shop",
      "label": "عن المتجر",
      "response": "المتجر (`/shop`) هو مكانك لشراء عناصر مفيدة باستخدام نقاط الخبرة التي كسبتها. يمكنك شراء حزم كروت لزيادة مجموعتك أو تعزيزات مؤقتة لمساعدتك في التقدم. استخدم `/buy [item_id]` للشراء."
    },
    {
      "id": "events",
      "label": "عن الأحداث",
      "response": "الأكاديمية تقيم أحداثاً خاصة من وقت لآخر! قد تكون هناك مضاعفة لنقاط الخبرة أو زيادة في فرصة الحصول على كروت نادرة. تابع إعلانات الأكاديمية أو استخدم أمر `/manage_event list` (إذا كنت مشرفاً) لمعرفة الأحداث الجارية."
    }
  ]
}
