{
  "items": [
    {
      "id": "common_card_pack",
      "name": "حزمة كروت عادية",
      "description": "فرصة للحصول على كرت عشوائي (بشكل أساسي عادي ونادر).",
      "cost": 150, // تكلفة بالنقاط (XP)
      "type": "card_pack",
      "packDetails": {
        "rarityChances": { "common": 0.75, "rare": 0.25 } // احتمالات الندرة داخل الحزمة
      }
    },
    {
      "id": "rare_card_pack",
      "name": "حزمة كروت نادرة",
      "description": "فرصة أعلى للحصول على كرت نادر أو ملحمي.",
      "cost": 500,
      "type": "card_pack",
      "packDetails": {
        "rarityChances": { "common": 0.4, "rare": 0.5, "epic": 0.1 }
      }
    },
    {
      "id": "xp_boost_1h",
      "name": "تعزيز خبرة (ساعة واحدة)",
      "description": "مضاعفة نقاط الخبرة المكتسبة لمدة ساعة واحدة.",
      "cost": 1000,
      "type": "boost",
      "boostDetails": {
        "stat": "xp",
        "multiplier": 2,
        "durationMinutes": 60
      }
    }
    // يمكن إضافة المزيد من العناصر مثل أدوار تجميلية، تغيير اسم المستخدم، إلخ.
  ]
}
